[{"model": "foodcartapp.restaurant", "pk": 1, "fields": {"name": "Star Burger Арбат", "address": "Москва, ул. Новый Арбат, 15", "contact_phone": "+7 (967) 157-44-13"}}, {"model": "foodcartapp.restaurant", "pk": 3, "fields": {"name": "Star Burger Европейский", "address": "Москва, пл. Киевского Вокзала, 2", "contact_phone": "+7 (929) 680-47-58"}}, {"model": "foodcartapp.productcategory", "pk": 1, "fields": {"name": "Бургер"}}, {"model": "foodcartapp.product", "pk": 1, "fields": {"name": "Стейкхаус", "category": 1, "price": "100.00", "image": "steak.jpg", "special_status": false, "description": "Стейкхаус – это сочетание нашей фирменной, приготовленной на огне 100% говядины с ломтиками бекона и соусом «Барбекю», майонезом, листьями свежего салата, помидором и хрустящим луком на воздушной було"}}, {"model": "foodcartapp.product", "pk": 2, "fields": {"name": "Лонг Чизбургер", "category": 1, "price": "219.00", "image": "long_chiz.jpg", "special_status": false, "description": "Лонг Чизбургер – эталон в коллекции чизбургеров! Два приготовленных на огне бифштекса с двумя ломтиками слегка расплавленного сыра, хрустящими огурчиками, рубленым луком, горчицей и кетчупом на длинно"}}, {"model": "foodcartapp.product", "pk": 3, "fields": {"name": "Тройной Воппер", "category": 1, "price": "369.00", "image": "triple_vopper.jpg", "special_status": false, "description": "ВОППЕР® — это вкуснейшая приготовленная на огне 100% говядина с сочными помидорами, свежим нарезанным листовым салатом, густым майонезом, хрустящими маринованными огурчиками и свежим луком на нежной б"}}, {"model": "foodcartapp.restaurantmenuitem", "pk": 1, "fields": {"restaurant": 1, "product": 1, "availability": true}}, {"model": "foodcartapp.restaurantmenuitem", "pk": 2, "fields": {"restaurant": 1, "product": 2, "availability": true}}, {"model": "foodcartapp.restaurantmenuitem", "pk": 7, "fields": {"restaurant": 3, "product": 1, "availability": true}}, {"model": "foodcartapp.restaurantmenuitem", "pk": 8, "fields": {"restaurant": 3, "product": 2, "availability": true}}, {"model": "foodcartapp.restaurantmenuitem", "pk": 9, "fields": {"restaurant": 3, "product": 3, "availability": true}}, {"model": "foodcartapp.order", "pk": 7, "fields": {"firstname": "Тимур", "lastname": "-", "phonenumber": "+79013421420", "address": "...", "status": "CK", "payment_method": "CH", "cooking_restaurant": 3, "comment": "", "created_at": "2022-12-05T08:51:16Z", "called_at": null, "delivered_at": null}}, {"model": "foodcartapp.order", "pk": 8, "fields": {"firstname": "Alex", "lastname": "REDiculus", "phonenumber": "+79223618494", "address": "Качалова, 32", "status": "CR", "payment_method": "CH", "cooking_restaurant": null, "comment": "", "created_at": "2022-12-05T08:51:16.124Z", "called_at": null, "delivered_at": null}}, {"model": "foodcartapp.order", "pk": 9, "fields": {"firstname": "ALeksandr", "lastname": "Popkov", "phonenumber": "+79824906254", "address": "УЛ КАЧАЛОВА д.32, кв.45", "status": "CR", "payment_method": "CH", "cooking_restaurant": null, "comment": "", "created_at": "2022-12-05T08:51:16.124Z", "called_at": null, "delivered_at": null}}, {"model": "foodcartapp.order", "pk": 10, "fields": {"firstname": "ALeksandr", "lastname": "Popkov", "phonenumber": "+79824906254", "address": "УЛ КАЧАЛОВА д.32, кв.45", "status": "CR", "payment_method": "CH", "cooking_restaurant": null, "comment": "", "created_at": "2022-12-05T08:51:16.124Z", "called_at": null, "delivered_at": null}}, {"model": "foodcartapp.order", "pk": 11, "fields": {"firstname": "Alex", "lastname": "REDiculus", "phonenumber": "+79223618494", "address": "Качалова, 32", "status": "CR", "payment_method": "CH", "cooking_restaurant": null, "comment": "", "created_at": "2022-12-05T08:51:16.124Z", "called_at": null, "delivered_at": null}}, {"model": "foodcartapp.order", "pk": 12, "fields": {"firstname": "Den", "lastname": "-", "phonenumber": "+79824906254", "address": "Качалова, 32", "status": "CR", "payment_method": "CH", "cooking_restaurant": null, "comment": "", "created_at": "2022-12-05T08:51:16.124Z", "called_at": null, "delivered_at": null}}, {"model": "foodcartapp.order", "pk": 13, "fields": {"firstname": "ned", "lastname": "-", "phonenumber": "+79824906254", "address": "17 Уинская", "status": "CR", "payment_method": "CH", "cooking_restaurant": null, "comment": "", "created_at": "2022-12-05T08:51:16.124Z", "called_at": null, "delivered_at": null}}, {"model": "foodcartapp.order", "pk": 14, "fields": {"firstname": "Ned", "lastname": "-", "phonenumber": "+79824906254", "address": "Качалова, 32", "status": "CR", "payment_method": "CH", "cooking_restaurant": null, "comment": "", "created_at": "2022-12-05T08:51:16.124Z", "called_at": null, "delivered_at": null}}, {"model": "foodcartapp.order", "pk": 15, "fields": {"firstname": "ALeksandr", "lastname": "Popkov", "phonenumber": "+79824906254", "address": "УЛ КАЧАЛОВА д.32, кв.45", "status": "CR", "payment_method": "CH", "cooking_restaurant": null, "comment": "", "created_at": "2022-12-05T08:51:16.124Z", "called_at": null, "delivered_at": null}}, {"model": "foodcartapp.order", "pk": 16, "fields": {"firstname": "Иван", "lastname": "Петров", "phonenumber": "+79291000000", "address": "Москва", "status": "CR", "payment_method": "CH", "cooking_restaurant": null, "comment": "", "created_at": "2022-12-05T08:51:16.124Z", "called_at": null, "delivered_at": null}}, {"model": "foodcartapp.order", "pk": 17, "fields": {"firstname": "Иван", "lastname": "Петров", "phonenumber": "+79291000000", "address": "Москва", "status": "CR", "payment_method": "CH", "cooking_restaurant": null, "comment": "", "created_at": "2022-12-05T08:51:16.124Z", "called_at": null, "delivered_at": null}}, {"model": "foodcartapp.order", "pk": 18, "fields": {"firstname": "Alex", "lastname": "REDiculus", "phonenumber": "+79223618494", "address": "Качалова, 32", "status": "CR", "payment_method": "CH", "cooking_restaurant": null, "comment": "", "created_at": "2022-12-05T08:51:16.124Z", "called_at": null, "delivered_at": null}}, {"model": "foodcartapp.order", "pk": 19, "fields": {"firstname": "Alex", "lastname": "REDiculus", "phonenumber": "+79223618494", "address": "Качалова, 32", "status": "CR", "payment_method": "CH", "cooking_restaurant": null, "comment": "", "created_at": "2022-12-05T08:51:16.124Z", "called_at": null, "delivered_at": null}}, {"model": "foodcartapp.order", "pk": 20, "fields": {"firstname": "Alex", "lastname": "REDiculus", "phonenumber": "+79223618494", "address": "Качалова, 32", "status": "CR", "payment_method": "CH", "cooking_restaurant": null, "comment": "", "created_at": "2022-12-05T08:51:16.124Z", "called_at": null, "delivered_at": null}}, {"model": "foodcartapp.order", "pk": 21, "fields": {"firstname": "Alex", "lastname": "REDiculus", "phonenumber": "+79223618494", "address": "Качалова, 32", "status": "CR", "payment_method": "CH", "cooking_restaurant": null, "comment": "", "created_at": "2022-12-05T08:51:16.124Z", "called_at": null, "delivered_at": null}}, {"model": "foodcartapp.order", "pk": 22, "fields": {"firstname": "Василий", "lastname": "Васильевич", "phonenumber": "+79123456789", "address": "Лондон", "status": "CR", "payment_method": "CH", "cooking_restaurant": null, "comment": "", "created_at": "2022-12-05T08:51:16.124Z", "called_at": null, "delivered_at": null}}, {"model": "foodcartapp.order", "pk": 23, "fields": {"firstname": "Василий", "lastname": "Васильевич", "phonenumber": "+79123456789", "address": "Лондон", "status": "CR", "payment_method": "CH", "cooking_restaurant": null, "comment": "", "created_at": "2022-12-05T08:51:16.124Z", "called_at": null, "delivered_at": null}}, {"model": "foodcartapp.order", "pk": 24, "fields": {"firstname": "Василий", "lastname": "Васильевич", "phonenumber": "+79123456789", "address": "Лондон", "status": "CR", "payment_method": "CH", "cooking_restaurant": null, "comment": "", "created_at": "2022-12-05T08:51:16.124Z", "called_at": null, "delivered_at": null}}, {"model": "foodcartapp.order", "pk": 25, "fields": {"firstname": "Василий", "lastname": "Васильевич", "phonenumber": "+79123456789", "address": "Лондон", "status": "CR", "payment_method": "CH", "cooking_restaurant": null, "comment": "", "created_at": "2022-12-05T08:51:16.124Z", "called_at": null, "delivered_at": null}}, {"model": "foodcartapp.order", "pk": 27, "fields": {"firstname": "as", "lastname": "Васильевич", "phonenumber": "+79123456789", "address": "Лондон", "status": "CR", "payment_method": "CH", "cooking_restaurant": null, "comment": "", "created_at": "2022-12-05T08:51:16.124Z", "called_at": null, "delivered_at": null}}, {"model": "foodcartapp.order", "pk": 28, "fields": {"firstname": "teh", "lastname": "Васильевич", "phonenumber": "+79123456789", "address": "Лондон", "status": "CR", "payment_method": "CH", "cooking_restaurant": null, "comment": "", "created_at": "2022-12-05T08:51:16.124Z", "called_at": null, "delivered_at": null}}, {"model": "foodcartapp.order", "pk": 30, "fields": {"firstname": "fhsdfj", "lastname": "Васильевич", "phonenumber": "+79123456789", "address": "Лондон", "status": "CR", "payment_method": "CH", "cooking_restaurant": null, "comment": "", "created_at": "2022-12-05T08:51:16.124Z", "called_at": null, "delivered_at": null}}, {"model": "foodcartapp.order", "pk": 31, "fields": {"firstname": "lfjd", "lastname": "Васильевич", "phonenumber": "+79123456789", "address": "Лондон", "status": "CR", "payment_method": "CH", "cooking_restaurant": null, "comment": "", "created_at": "2022-12-05T08:51:16.124Z", "called_at": null, "delivered_at": null}}, {"model": "foodcartapp.order", "pk": 32, "fields": {"firstname": "adsa", "lastname": "Васильевич", "phonenumber": "+79123456789", "address": "Лондон", "status": "CR", "payment_method": "CH", "cooking_restaurant": null, "comment": "", "created_at": "2022-12-05T08:51:16.124Z", "called_at": null, "delivered_at": null}}, {"model": "foodcartapp.order", "pk": 33, "fields": {"firstname": "dlf", "lastname": "Васильевич", "phonenumber": "+79123456789", "address": "Лондон", "status": "CR", "payment_method": "CH", "cooking_restaurant": null, "comment": "", "created_at": "2022-12-05T08:51:16.124Z", "called_at": null, "delivered_at": null}}, {"model": "foodcartapp.order", "pk": 34, "fields": {"firstname": "jdklj", "lastname": "Васильевич", "phonenumber": "+79123456789", "address": "Лондон", "status": "CR", "payment_method": "CH", "cooking_restaurant": null, "comment": "", "created_at": "2022-12-05T08:51:16.124Z", "called_at": null, "delivered_at": null}}, {"model": "foodcartapp.order", "pk": 35, "fields": {"firstname": "adhks", "lastname": "Васильевич", "phonenumber": "+79123456789", "address": "Лондон", "status": "CR", "payment_method": "CH", "cooking_restaurant": null, "comment": "", "created_at": "2022-12-05T08:51:16.124Z", "called_at": null, "delivered_at": null}}, {"model": "foodcartapp.order", "pk": 36, "fields": {"firstname": "df", "lastname": "Васильевич", "phonenumber": "+79123456789", "address": "Лондон", "status": "CR", "payment_method": "CH", "cooking_restaurant": null, "comment": "", "created_at": "2022-12-05T08:51:16.124Z", "called_at": null, "delivered_at": null}}, {"model": "foodcartapp.order", "pk": 37, "fields": {"firstname": "df", "lastname": "Васильевич", "phonenumber": "+79123456789", "address": "Лондон", "status": "CR", "payment_method": "CH", "cooking_restaurant": null, "comment": "", "created_at": "2022-12-05T08:51:16.124Z", "called_at": null, "delivered_at": null}}, {"model": "foodcartapp.order", "pk": 38, "fields": {"firstname": "Василий", "lastname": "Васильевич", "phonenumber": "+79123456789", "address": "Лондон", "status": "CR", "payment_method": "CH", "cooking_restaurant": null, "comment": "", "created_at": "2022-12-05T08:51:16.124Z", "called_at": null, "delivered_at": null}}, {"model": "foodcartapp.order", "pk": 39, "fields": {"firstname": "Василий fuf", "lastname": "Васильевич", "phonenumber": "+79123456789", "address": "Лондон", "status": "CR", "payment_method": "CH", "cooking_restaurant": null, "comment": "", "created_at": "2022-12-05T08:51:16.124Z", "called_at": null, "delivered_at": null}}, {"model": "foodcartapp.order", "pk": 40, "fields": {"firstname": "djsfkjdsf", "lastname": "Васильевич", "phonenumber": "+79123456789", "address": "Лондон", "status": "CR", "payment_method": "CH", "cooking_restaurant": null, "comment": "", "created_at": "2022-12-05T08:51:16.124Z", "called_at": null, "delivered_at": null}}, {"model": "foodcartapp.order", "pk": 41, "fields": {"firstname": "ALeksandr", "lastname": "Popkov", "phonenumber": "+79824906254", "address": "УЛ КАЧАЛОВА д.32, кв.45", "status": "CR", "payment_method": "CH", "cooking_restaurant": null, "comment": "", "created_at": "2022-12-05T08:51:16.124Z", "called_at": null, "delivered_at": null}}, {"model": "foodcartapp.order", "pk": 42, "fields": {"firstname": "fsdf", "lastname": "fsdf", "phonenumber": "+79129803369", "address": "gjkfgj", "status": "CR", "payment_method": "CH", "cooking_restaurant": null, "comment": "", "created_at": "2022-12-05T08:51:16.124Z", "called_at": null, "delivered_at": null}}, {"model": "foodcartapp.order", "pk": 43, "fields": {"firstname": "Настя", "lastname": "Настюшечка", "phonenumber": "+79824906254", "address": "Пермь", "status": "CR", "payment_method": "", "cooking_restaurant": null, "comment": "", "created_at": "2022-12-05T09:40:38.947Z", "called_at": null, "delivered_at": null}}, {"model": "foodcartapp.order", "pk": 44, "fields": {"firstname": "Fart", "lastname": "Farter", "phonenumber": "+79519265654", "address": "Пермь", "status": "CR", "payment_method": "", "cooking_restaurant": null, "comment": "", "created_at": "2023-01-13T10:21:40.106Z", "called_at": null, "delivered_at": null}}, {"model": "foodcartapp.order", "pk": 45, "fields": {"firstname": "Lex", "lastname": "Luthor", "phonenumber": "+79824907762", "address": "Пермь, Уинская, 3а", "status": "CR", "payment_method": "", "cooking_restaurant": null, "comment": "", "created_at": "2023-01-24T16:03:28.216Z", "called_at": null, "delivered_at": null}}, {"model": "foodcartapp.order", "pk": 46, "fields": {"firstname": "Феня", "lastname": "Кошка", "phonenumber": "+79824906254", "address": "Пермь, Уинская, 17, 119", "status": "CR", "payment_method": "", "cooking_restaurant": null, "comment": "", "created_at": "2023-01-26T16:17:48.856Z", "called_at": null, "delivered_at": null}}, {"model": "foodcartapp.order", "pk": 47, "fields": {"firstname": "Анастейша", "lastname": "Анастейшева", "phonenumber": "+79123445177", "address": "Москва", "status": "CR", "payment_method": "", "cooking_restaurant": null, "comment": "", "created_at": "2023-01-31T15:30:18.814Z", "called_at": null, "delivered_at": null}}, {"model": "foodcartapp.order", "pk": 48, "fields": {"firstname": "Ан", "lastname": "Ан", "phonenumber": "+79823478854", "address": "Волгоград", "status": "CR", "payment_method": "", "cooking_restaurant": null, "comment": "", "created_at": "2023-01-31T15:43:01.599Z", "called_at": null, "delivered_at": null}}, {"model": "foodcartapp.orderelement", "pk": 3, "fields": {"order": 7, "product": 1, "price": "100.00", "quantity": 2}}, {"model": "foodcartapp.orderelement", "pk": 4, "fields": {"order": 8, "product": 3, "price": "369.00", "quantity": 1}}, {"model": "foodcartapp.orderelement", "pk": 5, "fields": {"order": 8, "product": 1, "price": "100.00", "quantity": 1}}, {"model": "foodcartapp.orderelement", "pk": 6, "fields": {"order": 9, "product": 2, "price": "219.00", "quantity": 1}}, {"model": "foodcartapp.orderelement", "pk": 7, "fields": {"order": 11, "product": 3, "price": "369.00", "quantity": 2}}, {"model": "foodcartapp.orderelement", "pk": 8, "fields": {"order": 11, "product": 2, "price": "219.00", "quantity": 1}}, {"model": "foodcartapp.orderelement", "pk": 9, "fields": {"order": 11, "product": 1, "price": "100.00", "quantity": 1}}, {"model": "foodcartapp.orderelement", "pk": 10, "fields": {"order": 12, "product": 1, "price": "100.00", "quantity": 4}}, {"model": "foodcartapp.orderelement", "pk": 11, "fields": {"order": 13, "product": 1, "price": "100.00", "quantity": 5}}, {"model": "foodcartapp.orderelement", "pk": 12, "fields": {"order": 14, "product": 1, "price": "100.00", "quantity": 7}}, {"model": "foodcartapp.orderelement", "pk": 13, "fields": {"order": 14, "product": 2, "price": "219.00", "quantity": 2}}, {"model": "foodcartapp.orderelement", "pk": 14, "fields": {"order": 15, "product": 1, "price": "100.00", "quantity": 2}}, {"model": "foodcartapp.orderelement", "pk": 15, "fields": {"order": 19, "product": 1, "price": "100.00", "quantity": 2}}, {"model": "foodcartapp.orderelement", "pk": 16, "fields": {"order": 20, "product": 3, "price": "369.00", "quantity": 1}}, {"model": "foodcartapp.orderelement", "pk": 17, "fields": {"order": 21, "product": 3, "price": "369.00", "quantity": 1}}, {"model": "foodcartapp.orderelement", "pk": 18, "fields": {"order": 22, "product": 1, "price": "100.00", "quantity": 1}}, {"model": "foodcartapp.orderelement", "pk": 19, "fields": {"order": 23, "product": 1, "price": "100.00", "quantity": 1}}, {"model": "foodcartapp.orderelement", "pk": 20, "fields": {"order": 24, "product": 1, "price": "100.00", "quantity": 1}}, {"model": "foodcartapp.orderelement", "pk": 21, "fields": {"order": 12, "product": 2, "price": "219.00", "quantity": 1}}, {"model": "foodcartapp.orderelement", "pk": 22, "fields": {"order": 7, "product": 3, "price": "369.00", "quantity": 1}}, {"model": "foodcartapp.orderelement", "pk": 23, "fields": {"order": 25, "product": 1, "price": "100.00", "quantity": 1}}, {"model": "foodcartapp.orderelement", "pk": 25, "fields": {"order": 27, "product": 1, "price": "100.00", "quantity": 1}}, {"model": "foodcartapp.orderelement", "pk": 26, "fields": {"order": 27, "product": 1, "price": "100.00", "quantity": 1}}, {"model": "foodcartapp.orderelement", "pk": 27, "fields": {"order": 28, "product": 1, "price": "100.00", "quantity": 2}}, {"model": "foodcartapp.orderelement", "pk": 28, "fields": {"order": 28, "product": 1, "price": "100.00", "quantity": 2}}, {"model": "foodcartapp.orderelement", "pk": 30, "fields": {"order": 30, "product": 1, "price": "100.00", "quantity": 1}}, {"model": "foodcartapp.orderelement", "pk": 31, "fields": {"order": 31, "product": 1, "price": "100.00", "quantity": 1}}, {"model": "foodcartapp.orderelement", "pk": 32, "fields": {"order": 32, "product": 1, "price": "100.00", "quantity": 1}}, {"model": "foodcartapp.orderelement", "pk": 33, "fields": {"order": 33, "product": 1, "price": "100.00", "quantity": 1}}, {"model": "foodcartapp.orderelement", "pk": 34, "fields": {"order": 34, "product": 1, "price": "100.00", "quantity": 1}}, {"model": "foodcartapp.orderelement", "pk": 35, "fields": {"order": 40, "product": 1, "price": "100.00", "quantity": 1}}, {"model": "foodcartapp.orderelement", "pk": 36, "fields": {"order": 41, "product": 3, "price": "369.00", "quantity": 1}}, {"model": "foodcartapp.orderelement", "pk": 37, "fields": {"order": 41, "product": 2, "price": "219.00", "quantity": 1}}, {"model": "foodcartapp.orderelement", "pk": 38, "fields": {"order": 41, "product": 1, "price": "50.00", "quantity": 1}}, {"model": "foodcartapp.orderelement", "pk": 39, "fields": {"order": 42, "product": 2, "price": "219.00", "quantity": 1}}, {"model": "foodcartapp.orderelement", "pk": 40, "fields": {"order": 10, "product": 1, "price": "0.00", "quantity": 0}}, {"model": "foodcartapp.orderelement", "pk": 41, "fields": {"order": 43, "product": 3, "price": "369.00", "quantity": 1}}, {"model": "foodcartapp.orderelement", "pk": 42, "fields": {"order": 44, "product": 3, "price": "369.00", "quantity": 1}}, {"model": "foodcartapp.orderelement", "pk": 43, "fields": {"order": 44, "product": 2, "price": "219.00", "quantity": 1}}, {"model": "foodcartapp.orderelement", "pk": 44, "fields": {"order": 45, "product": 2, "price": "219.00", "quantity": 1}}, {"model": "foodcartapp.orderelement", "pk": 45, "fields": {"order": 46, "product": 3, "price": "369.00", "quantity": 2}}, {"model": "foodcartapp.orderelement", "pk": 46, "fields": {"order": 47, "product": 2, "price": "219.00", "quantity": 1}}, {"model": "foodcartapp.orderelement", "pk": 47, "fields": {"order": 47, "product": 3, "price": "369.00", "quantity": 1}}, {"model": "foodcartapp.orderelement", "pk": 48, "fields": {"order": 47, "product": 1, "price": "100.00", "quantity": 1}}, {"model": "foodcartapp.orderelement", "pk": 49, "fields": {"order": 48, "product": 2, "price": "219.00", "quantity": 1}}, {"model": "foodcartapp.orderelement", "pk": 50, "fields": {"order": 48, "product": 3, "price": "369.00", "quantity": 1}}, {"model": "foodcartapp.orderelement", "pk": 51, "fields": {"order": 48, "product": 1, "price": "100.00", "quantity": 1}}, {"model": "admin.logentry", "pk": 1, "fields": {"action_time": "2022-11-16T18:56:03.273Z", "user": 1, "content_type": 2, "object_id": "1", "object_repr": "Star Burger Арбат", "action_flag": 1, "change_message": "[{\"added\": {}}]"}}, {"model": "admin.logentry", "pk": 2, "fields": {"action_time": "2022-11-16T18:56:47.352Z", "user": 1, "content_type": 2, "object_id": "2", "object_repr": "Star Burger Цветной", "action_flag": 1, "change_message": "[{\"added\": {}}]"}}, {"model": "admin.logentry", "pk": 3, "fields": {"action_time": "2022-11-16T18:57:26.453Z", "user": 1, "content_type": 2, "object_id": "3", "object_repr": "Star Burger Европейский", "action_flag": 1, "change_message": "[{\"added\": {}}]"}}, {"model": "admin.logentry", "pk": 4, "fields": {"action_time": "2022-11-16T18:59:23.102Z", "user": 1, "content_type": 4, "object_id": "1", "object_repr": "Бургер", "action_flag": 1, "change_message": "[{\"added\": {}}]"}}, {"model": "admin.logentry", "pk": 5, "fields": {"action_time": "2022-11-16T18:59:55.868Z", "user": 1, "content_type": 1, "object_id": "1", "object_repr": "Стейкхаус", "action_flag": 1, "change_message": "[{\"added\": {}}]"}}, {"model": "admin.logentry", "pk": 6, "fields": {"action_time": "2022-11-16T19:05:20.303Z", "user": 1, "content_type": 1, "object_id": "2", "object_repr": "Лонг Чизбургер", "action_flag": 1, "change_message": "[{\"added\": {}}]"}}, {"model": "admin.logentry", "pk": 7, "fields": {"action_time": "2022-11-16T19:06:13.107Z", "user": 1, "content_type": 1, "object_id": "3", "object_repr": "Тройной Воппер", "action_flag": 1, "change_message": "[{\"added\": {}}]"}}, {"model": "admin.logentry", "pk": 8, "fields": {"action_time": "2022-11-16T19:08:13.635Z", "user": 1, "content_type": 1, "object_id": "1", "object_repr": "Стейкхаус", "action_flag": 2, "change_message": "[{\"added\": {\"name\": \"\\u043f\\u0443\\u043d\\u043a\\u0442 \\u043c\\u0435\\u043d\\u044e \\u0440\\u0435\\u0441\\u0442\\u043e\\u0440\\u0430\\u043d\\u0430\", \"object\": \"Star Burger \\u0410\\u0440\\u0431\\u0430\\u0442 - \\u0421\\u0442\\u0435\\u0439\\u043a\\u0445\\u0430\\u0443\\u0441\"}}]"}}, {"model": "admin.logentry", "pk": 9, "fields": {"action_time": "2022-11-16T19:08:50.302Z", "user": 1, "content_type": 2, "object_id": "1", "object_repr": "Star Burger Арбат", "action_flag": 2, "change_message": "[{\"added\": {\"name\": \"\\u043f\\u0443\\u043d\\u043a\\u0442 \\u043c\\u0435\\u043d\\u044e \\u0440\\u0435\\u0441\\u0442\\u043e\\u0440\\u0430\\u043d\\u0430\", \"object\": \"Star Burger \\u0410\\u0440\\u0431\\u0430\\u0442 - \\u041b\\u043e\\u043d\\u0433 \\u0427\\u0438\\u0437\\u0431\\u0443\\u0440\\u0433\\u0435\\u0440\"}}, {\"added\": {\"name\": \"\\u043f\\u0443\\u043d\\u043a\\u0442 \\u043c\\u0435\\u043d\\u044e \\u0440\\u0435\\u0441\\u0442\\u043e\\u0440\\u0430\\u043d\\u0430\", \"object\": \"Star Burger \\u0410\\u0440\\u0431\\u0430\\u0442 - \\u0422\\u0440\\u043e\\u0439\\u043d\\u043e\\u0439 \\u0412\\u043e\\u043f\\u043f\\u0435\\u0440\"}}]"}}, {"model": "admin.logentry", "pk": 10, "fields": {"action_time": "2022-11-16T19:09:03.924Z", "user": 1, "content_type": 2, "object_id": "2", "object_repr": "Star Burger Цветной", "action_flag": 2, "change_message": "[{\"added\": {\"name\": \"\\u043f\\u0443\\u043d\\u043a\\u0442 \\u043c\\u0435\\u043d\\u044e \\u0440\\u0435\\u0441\\u0442\\u043e\\u0440\\u0430\\u043d\\u0430\", \"object\": \"Star Burger \\u0426\\u0432\\u0435\\u0442\\u043d\\u043e\\u0439 - \\u0421\\u0442\\u0435\\u0439\\u043a\\u0445\\u0430\\u0443\\u0441\"}}, {\"added\": {\"name\": \"\\u043f\\u0443\\u043d\\u043a\\u0442 \\u043c\\u0435\\u043d\\u044e \\u0440\\u0435\\u0441\\u0442\\u043e\\u0440\\u0430\\u043d\\u0430\", \"object\": \"Star Burger \\u0426\\u0432\\u0435\\u0442\\u043d\\u043e\\u0439 - \\u041b\\u043e\\u043d\\u0433 \\u0427\\u0438\\u0437\\u0431\\u0443\\u0440\\u0433\\u0435\\u0440\"}}, {\"added\": {\"name\": \"\\u043f\\u0443\\u043d\\u043a\\u0442 \\u043c\\u0435\\u043d\\u044e \\u0440\\u0435\\u0441\\u0442\\u043e\\u0440\\u0430\\u043d\\u0430\", \"object\": \"Star Burger \\u0426\\u0432\\u0435\\u0442\\u043d\\u043e\\u0439 - \\u0422\\u0440\\u043e\\u0439\\u043d\\u043e\\u0439 \\u0412\\u043e\\u043f\\u043f\\u0435\\u0440\"}}]"}}, {"model": "admin.logentry", "pk": 11, "fields": {"action_time": "2022-11-16T19:09:24.208Z", "user": 1, "content_type": 2, "object_id": "3", "object_repr": "Star Burger Европейский", "action_flag": 2, "change_message": "[{\"added\": {\"name\": \"\\u043f\\u0443\\u043d\\u043a\\u0442 \\u043c\\u0435\\u043d\\u044e \\u0440\\u0435\\u0441\\u0442\\u043e\\u0440\\u0430\\u043d\\u0430\", \"object\": \"Star Burger \\u0415\\u0432\\u0440\\u043e\\u043f\\u0435\\u0439\\u0441\\u043a\\u0438\\u0439 - \\u0421\\u0442\\u0435\\u0439\\u043a\\u0445\\u0430\\u0443\\u0441\"}}, {\"added\": {\"name\": \"\\u043f\\u0443\\u043d\\u043a\\u0442 \\u043c\\u0435\\u043d\\u044e \\u0440\\u0435\\u0441\\u0442\\u043e\\u0440\\u0430\\u043d\\u0430\", \"object\": \"Star Burger \\u0415\\u0432\\u0440\\u043e\\u043f\\u0435\\u0439\\u0441\\u043a\\u0438\\u0439 - \\u041b\\u043e\\u043d\\u0433 \\u0427\\u0438\\u0437\\u0431\\u0443\\u0440\\u0433\\u0435\\u0440\"}}, {\"added\": {\"name\": \"\\u043f\\u0443\\u043d\\u043a\\u0442 \\u043c\\u0435\\u043d\\u044e \\u0440\\u0435\\u0441\\u0442\\u043e\\u0440\\u0430\\u043d\\u0430\", \"object\": \"Star Burger \\u0415\\u0432\\u0440\\u043e\\u043f\\u0435\\u0439\\u0441\\u043a\\u0438\\u0439 - \\u0422\\u0440\\u043e\\u0439\\u043d\\u043e\\u0439 \\u0412\\u043e\\u043f\\u043f\\u0435\\u0440\"}}]"}}, {"model": "admin.logentry", "pk": 12, "fields": {"action_time": "2022-11-18T03:03:19.411Z", "user": 1, "content_type": 11, "object_id": "6", "object_repr": "Alex - Качалова, 32", "action_flag": 3, "change_message": ""}}, {"model": "admin.logentry", "pk": 13, "fields": {"action_time": "2022-11-18T03:03:19.428Z", "user": 1, "content_type": 11, "object_id": "5", "object_repr": "Alex - Качалова, 32", "action_flag": 3, "change_message": ""}}, {"model": "admin.logentry", "pk": 14, "fields": {"action_time": "2022-11-18T03:03:19.448Z", "user": 1, "content_type": 11, "object_id": "4", "object_repr": "Alex - Качалова, 32", "action_flag": 3, "change_message": ""}}, {"model": "admin.logentry", "pk": 15, "fields": {"action_time": "2022-11-18T03:03:19.459Z", "user": 1, "content_type": 11, "object_id": "3", "object_repr": "ALeksandr - УЛ КАЧАЛОВА д.32, кв.45", "action_flag": 3, "change_message": ""}}, {"model": "admin.logentry", "pk": 16, "fields": {"action_time": "2022-11-18T03:03:19.473Z", "user": 1, "content_type": 11, "object_id": "2", "object_repr": "Alex - Качалова, 32", "action_flag": 3, "change_message": ""}}, {"model": "admin.logentry", "pk": 17, "fields": {"action_time": "2022-11-18T03:03:19.485Z", "user": 1, "content_type": 11, "object_id": "1", "object_repr": "ALeksandr - УЛ КАЧАЛОВА д.32, кв.45", "action_flag": 3, "change_message": ""}}, {"model": "admin.logentry", "pk": 18, "fields": {"action_time": "2022-11-20T12:31:22.391Z", "user": 1, "content_type": 11, "object_id": "12", "object_repr": "Den - Качалова, 32", "action_flag": 2, "change_message": "[{\"added\": {\"name\": \"order element\", \"object\": \"OrderElement object (21)\"}}]"}}, {"model": "admin.logentry", "pk": 19, "fields": {"action_time": "2022-11-20T12:34:58.551Z", "user": 1, "content_type": 11, "object_id": "7", "object_repr": "Тимур - ...", "action_flag": 2, "change_message": "[{\"changed\": {\"fields\": [\"\\u041d\\u043e\\u043c\\u0435\\u0440 \\u0442\\u0435\\u043b\\u0435\\u0444\\u043e\\u043d\\u0430\"]}}, {\"added\": {\"name\": \"order element\", \"object\": \"OrderElement object (22)\"}}]"}}, {"model": "admin.logentry", "pk": 20, "fields": {"action_time": "2022-11-21T13:03:50.422Z", "user": 1, "content_type": 11, "object_id": "26", "object_repr": "as - Лондон", "action_flag": 3, "change_message": ""}}, {"model": "admin.logentry", "pk": 21, "fields": {"action_time": "2022-11-21T13:11:36.708Z", "user": 1, "content_type": 11, "object_id": "29", "object_repr": "fsldjf - Лондон", "action_flag": 3, "change_message": ""}}, {"model": "admin.logentry", "pk": 22, "fields": {"action_time": "2022-11-21T14:49:13.782Z", "user": 1, "content_type": 11, "object_id": "40", "object_repr": "fdf - Лондон", "action_flag": 2, "change_message": "[{\"changed\": {\"name\": \"order element\", \"object\": \"OrderElement object (35)\", \"fields\": [\"\\u0426\\u0435\\u043d\\u0430\"]}}]"}}, {"model": "admin.logentry", "pk": 23, "fields": {"action_time": "2022-11-21T14:50:59.314Z", "user": 1, "content_type": 11, "object_id": "40", "object_repr": "fdf - Лондон", "action_flag": 2, "change_message": "[{\"changed\": {\"name\": \"order element\", \"object\": \"OrderElement object (35)\", \"fields\": [\"\\u0426\\u0435\\u043d\\u0430\"]}}]"}}, {"model": "admin.logentry", "pk": 24, "fields": {"action_time": "2022-11-21T14:51:40.514Z", "user": 1, "content_type": 1, "object_id": "1", "object_repr": "Стейкхаус", "action_flag": 2, "change_message": "[{\"changed\": {\"fields\": [\"\\u0426\\u0435\\u043d\\u0430\"]}}]"}}, {"model": "admin.logentry", "pk": 25, "fields": {"action_time": "2022-11-21T14:52:02.987Z", "user": 1, "content_type": 11, "object_id": "40", "object_repr": "djsfkjdsf - Лондон", "action_flag": 2, "change_message": "[{\"changed\": {\"fields\": [\"\\u0418\\u043c\\u044f\"]}}]"}}, {"model": "admin.logentry", "pk": 26, "fields": {"action_time": "2022-11-21T16:47:54.532Z", "user": 1, "content_type": 11, "object_id": "7", "object_repr": "Тимур - ...", "action_flag": 2, "change_message": "[]"}}, {"model": "admin.logentry", "pk": 27, "fields": {"action_time": "2022-11-21T16:50:09.690Z", "user": 1, "content_type": 11, "object_id": "10", "object_repr": "ALeksandr - УЛ КАЧАЛОВА д.32, кв.45", "action_flag": 2, "change_message": "[{\"changed\": {\"fields\": [\"\\u041d\\u043e\\u043c\\u0435\\u0440 \\u0442\\u0435\\u043b\\u0435\\u0444\\u043e\\u043d\\u0430\"]}}]"}}, {"model": "admin.logentry", "pk": 28, "fields": {"action_time": "2022-11-21T16:53:41.050Z", "user": 1, "content_type": 11, "object_id": "9", "object_repr": "ALeksandr - УЛ КАЧАЛОВА д.32, кв.45", "action_flag": 2, "change_message": "[{\"changed\": {\"fields\": [\"\\u041d\\u043e\\u043c\\u0435\\u0440 \\u0442\\u0435\\u043b\\u0435\\u0444\\u043e\\u043d\\u0430\"]}}]"}}, {"model": "admin.logentry", "pk": 29, "fields": {"action_time": "2022-11-21T16:54:09.054Z", "user": 1, "content_type": 11, "object_id": "39", "object_repr": "Василий fuf - Лондон", "action_flag": 2, "change_message": "[{\"changed\": {\"fields\": [\"\\u0418\\u043c\\u044f\"]}}]"}}, {"model": "admin.logentry", "pk": 30, "fields": {"action_time": "2022-11-21T17:08:48.521Z", "user": 1, "content_type": 11, "object_id": "7", "object_repr": "Тимур - ...", "action_flag": 2, "change_message": "[{\"changed\": {\"fields\": [\"Status\"]}}]"}}, {"model": "admin.logentry", "pk": 31, "fields": {"action_time": "2022-11-21T17:11:38.525Z", "user": 1, "content_type": 11, "object_id": "7", "object_repr": "Тимур - ...", "action_flag": 2, "change_message": "[{\"changed\": {\"fields\": [\"Status\"]}}]"}}, {"model": "admin.logentry", "pk": 32, "fields": {"action_time": "2022-11-21T17:21:07.443Z", "user": 1, "content_type": 11, "object_id": "8", "object_repr": "Alex - Качалова, 32", "action_flag": 2, "change_message": "[{\"changed\": {\"fields\": [\"\\u041d\\u043e\\u043c\\u0435\\u0440 \\u0442\\u0435\\u043b\\u0435\\u0444\\u043e\\u043d\\u0430\", \"Comment\"]}}]"}}, {"model": "admin.logentry", "pk": 33, "fields": {"action_time": "2022-11-24T05:55:04.525Z", "user": 1, "content_type": 11, "object_id": "8", "object_repr": "Alex - Качалова, 32", "action_flag": 2, "change_message": "[{\"changed\": {\"fields\": [\"\\u0420\\u0435\\u0441\\u0442\\u043e\\u0440\\u0430\\u043d\", \"Called at\", \"Delivered at\"]}}]"}}, {"model": "admin.logentry", "pk": 34, "fields": {"action_time": "2022-11-24T05:55:28.250Z", "user": 1, "content_type": 11, "object_id": "9", "object_repr": "ALeksandr - УЛ КАЧАЛОВА д.32, кв.45", "action_flag": 2, "change_message": "[{\"changed\": {\"fields\": [\"\\u0420\\u0435\\u0441\\u0442\\u043e\\u0440\\u0430\\u043d\", \"Called at\", \"Delivered at\"]}}]"}}, {"model": "admin.logentry", "pk": 35, "fields": {"action_time": "2022-11-24T14:27:59.255Z", "user": 1, "content_type": 2, "object_id": "2", "object_repr": "Star Burger Цветной", "action_flag": 3, "change_message": ""}}, {"model": "admin.logentry", "pk": 36, "fields": {"action_time": "2022-11-24T14:28:14.700Z", "user": 1, "content_type": 2, "object_id": "1", "object_repr": "Star Burger Арбат", "action_flag": 2, "change_message": "[{\"deleted\": {\"name\": \"\\u043f\\u0443\\u043d\\u043a\\u0442 \\u043c\\u0435\\u043d\\u044e \\u0440\\u0435\\u0441\\u0442\\u043e\\u0440\\u0430\\u043d\\u0430\", \"object\": \"Star Burger \\u0410\\u0440\\u0431\\u0430\\u0442 - \\u0422\\u0440\\u043e\\u0439\\u043d\\u043e\\u0439 \\u0412\\u043e\\u043f\\u043f\\u0435\\u0440\"}}]"}}, {"model": "admin.logentry", "pk": 37, "fields": {"action_time": "2022-11-24T14:29:19.761Z", "user": 1, "content_type": 11, "object_id": "11", "object_repr": "Alex - Качалова, 32", "action_flag": 2, "change_message": "[{\"changed\": {\"fields\": [\"\\u041d\\u043e\\u043c\\u0435\\u0440 \\u0442\\u0435\\u043b\\u0435\\u0444\\u043e\\u043d\\u0430\", \"\\u0420\\u0435\\u0441\\u0442\\u043e\\u0440\\u0430\\u043d\", \"Called at\", \"Delivered at\"]}}]"}}, {"model": "admin.logentry", "pk": 38, "fields": {"action_time": "2022-11-24T17:24:58.227Z", "user": 1, "content_type": 11, "object_id": "31", "object_repr": "lfjd - Лондон", "action_flag": 2, "change_message": "[{\"changed\": {\"fields\": [\"\\u0420\\u0435\\u0441\\u0442\\u043e\\u0440\\u0430\\u043d\", \"Called at\", \"Delivered at\"]}}]"}}, {"model": "admin.logentry", "pk": 39, "fields": {"action_time": "2022-11-25T14:23:23.176Z", "user": 1, "content_type": 13, "object_id": "5", "object_repr": "Star Burger Арбат", "action_flag": 3, "change_message": ""}}, {"model": "admin.logentry", "pk": 40, "fields": {"action_time": "2022-11-25T14:23:23.196Z", "user": 1, "content_type": 13, "object_id": "4", "object_repr": "Качалова, 32", "action_flag": 3, "change_message": ""}}, {"model": "admin.logentry", "pk": 41, "fields": {"action_time": "2022-11-25T14:23:23.210Z", "user": 1, "content_type": 13, "object_id": "3", "object_repr": "УЛ КАЧАЛОВА д.32, кв.45", "action_flag": 3, "change_message": ""}}, {"model": "admin.logentry", "pk": 42, "fields": {"action_time": "2022-11-25T14:23:23.222Z", "user": 1, "content_type": 13, "object_id": "2", "object_repr": "Star Burger Европейский", "action_flag": 3, "change_message": ""}}, {"model": "admin.logentry", "pk": 43, "fields": {"action_time": "2022-11-25T14:23:23.238Z", "user": 1, "content_type": 13, "object_id": "1", "object_repr": "...", "action_flag": 3, "change_message": ""}}, {"model": "admin.logentry", "pk": 44, "fields": {"action_time": "2022-12-04T09:58:17.559Z", "user": 1, "content_type": 11, "object_id": "10", "object_repr": "ALeksandr - УЛ КАЧАЛОВА д.32, кв.45", "action_flag": 2, "change_message": "[{\"changed\": {\"fields\": [\"\\u0420\\u0435\\u0441\\u0442\\u043e\\u0440\\u0430\\u043d\"]}}, {\"added\": {\"name\": \"order element\", \"object\": \"OrderElement object (40)\"}}]"}}, {"model": "admin.logentry", "pk": 45, "fields": {"action_time": "2022-12-05T08:42:34.206Z", "user": 1, "content_type": 11, "object_id": "41", "object_repr": "ALeksandr - УЛ КАЧАЛОВА д.32, кв.45", "action_flag": 2, "change_message": "[{\"changed\": {\"fields\": [\"\\u0420\\u0435\\u0441\\u0442\\u043e\\u0440\\u0430\\u043d\"]}}, {\"changed\": {\"name\": \"order element\", \"object\": \"OrderElement object (38)\", \"fields\": [\"\\u0426\\u0435\\u043d\\u0430\"]}}]"}}, {"model": "admin.logentry", "pk": 46, "fields": {"action_time": "2023-01-23T05:27:43.438Z", "user": 1, "content_type": 11, "object_id": "7", "object_repr": "Тимур - ...", "action_flag": 2, "change_message": "[{\"changed\": {\"fields\": [\"\\u0413\\u043e\\u0442\\u043e\\u0432\\u044f\\u0449\\u0438\\u0439 \\u0440\\u0435\\u0441\\u0442\\u043e\\u0440\\u0430\\u043d\"]}}, {\"changed\": {\"name\": \"order element\", \"object\": \"OrderElement object (3)\", \"fields\": [\"\\u041a\\u043e\\u043b\\u0438\\u0447\\u0435\\u0441\\u0442\\u0432\\u043e\"]}}]"}}, {"model": "admin.logentry", "pk": 47, "fields": {"action_time": "2023-01-24T16:14:26.911Z", "user": 1, "content_type": 2, "object_id": "3", "object_repr": "Star Burger Европейский", "action_flag": 2, "change_message": "[]"}}, {"model": "admin.logentry", "pk": 48, "fields": {"action_time": "2023-01-24T16:14:48.387Z", "user": 1, "content_type": 2, "object_id": "3", "object_repr": "Star Burger Европейский", "action_flag": 2, "change_message": "[{\"changed\": {\"fields\": [\"\\u0410\\u0434\\u0440\\u0435\\u0441\"]}}]"}}, {"model": "admin.logentry", "pk": 49, "fields": {"action_time": "2023-01-24T16:14:58.166Z", "user": 1, "content_type": 2, "object_id": "1", "object_repr": "Star Burger Арбат", "action_flag": 2, "change_message": "[{\"changed\": {\"fields\": [\"\\u0410\\u0434\\u0440\\u0435\\u0441\"]}}]"}}, {"model": "admin.logentry", "pk": 50, "fields": {"action_time": "2023-01-26T16:43:52.127Z", "user": 1, "content_type": 2, "object_id": "3", "object_repr": "Star Burger Европейский", "action_flag": 2, "change_message": "[{\"changed\": {\"fields\": [\"\\u0410\\u0434\\u0440\\u0435\\u0441\"]}}]"}}, {"model": "admin.logentry", "pk": 51, "fields": {"action_time": "2023-01-26T16:44:15.348Z", "user": 1, "content_type": 2, "object_id": "1", "object_repr": "Star Burger Арбат", "action_flag": 2, "change_message": "[{\"changed\": {\"fields\": [\"\\u0410\\u0434\\u0440\\u0435\\u0441\"]}}]"}}, {"model": "auth.user", "pk": 1, "fields": {"password": "pbkdf2_sha256$260000$LlxWAIBECW48SHwWr6VuDb$V5DfoqHd14Oj/LjA6FhcS2531+FMhcd6rc5XkUldunk=", "last_login": "2023-01-31T15:28:47.341Z", "is_superuser": true, "username": "admin", "first_name": "", "last_name": "", "email": "admin@example.ru", "is_staff": true, "is_active": true, "date_joined": "2022-11-16T18:53:32.461Z", "groups": [], "user_permissions": []}}, {"model": "sessions.session", "pk": "7ey0jg8r1a089ojpujvsmjr5h47krz1i", "fields": {"session_data": ".eJxVjEEOwiAQAP_C2ZACXQoevfsGsuxSqRpISnsy_l1JetDrzGReIuC-5bC3tIaFxVkocfplEemRShd8x3KrkmrZ1iXKnsjDNnmtnJ6Xo_0bZGy5b81AA7AZddTgtCH0BkD50SUFlieclI_gAdnpmSzxTC5aa6OCb0JKvD-3tjdG:1ovNXr:M-zIddN-4iI0i1-IpZWye-VO97Cq3E5CU6lO6imzpx0", "expire_date": "2022-11-30T18:53:59.361Z"}}, {"model": "sessions.session", "pk": "80bky55w56uniurlwej6eg5b0738klz9", "fields": {"session_data": ".eJxVjEEOwiAQAP_C2ZACXQoevfsGsuxSqRpISnsy_l1JetDrzGReIuC-5bC3tIaFxVkocfplEemRShd8x3KrkmrZ1iXKnsjDNnmtnJ6Xo_0bZGy5b81AA7AZddTgtCH0BkD50SUFlieclI_gAdnpmSzxTC5aa6OCb0JKvD-3tjdG:1pJpGR:QgskmtuHQV2W3jbwBYgVONA2sloLu72orhDdCJkmKE0", "expire_date": "2023-02-06T05:21:03.106Z"}}, {"model": "sessions.session", "pk": "mc4unspmgafvkczqb8oj6vlxirj4jgf7", "fields": {"session_data": ".eJxVjEEOwiAQAP_C2ZACXQoevfsGsuxSqRpISnsy_l1JetDrzGReIuC-5bC3tIaFxVkocfplEemRShd8x3KrkmrZ1iXKnsjDNnmtnJ6Xo_0bZGy5b81AA7AZddTgtCH0BkD50SUFlieclI_gAdnpmSzxTC5aa6OCb0JKvD-3tjdG:1ovtZP:KpaMF0BY_IuEDUL1gPpjBJqaJdAripCScMYm-ZSBhS0", "expire_date": "2022-12-02T05:05:43.133Z"}}, {"model": "sessions.session", "pk": "ps4ix3flsoglt22r8zcg0e7pnlbh3xqx", "fields": {"session_data": ".eJxVjEEOwiAQAP_C2ZACXQoevfsGsuxSqRpISnsy_l1JetDrzGReIuC-5bC3tIaFxVkocfplEemRShd8x3KrkmrZ1iXKnsjDNnmtnJ6Xo_0bZGy5b81AA7AZddTgtCH0BkD50SUFlieclI_gAdnpmSzxTC5aa6OCb0JKvD-3tjdG:1p1lio:2UCzUObsqpSJuSVQGXJaYZM7WSVP9EnpiruZJNWb5Ys", "expire_date": "2022-12-18T09:55:42.657Z"}}, {"model": "sessions.session", "pk": "q8ahxm5m423yqeij66n9vgrwv9pyga97", "fields": {"session_data": ".eJxVjEEOwiAQAP_C2ZACXQoevfsGsuxSqRpISnsy_l1JetDrzGReIuC-5bC3tIaFxVkocfplEemRShd8x3KrkmrZ1iXKnsjDNnmtnJ6Xo_0bZGy5b81AA7AZddTgtCH0BkD50SUFlieclI_gAdnpmSzxTC5aa6OCb0JKvD-3tjdG:1pGHCP:iARsqibxbk7ysYM56NnRXLeAMNOboiE8oRAB4kM9lhY", "expire_date": "2023-01-27T10:22:13.526Z"}}, {"model": "sessions.session", "pk": "tzb85wdiwelj7qu1xk7eoicah60fjd51", "fields": {"session_data": ".eJxVjEEOwiAQAP_C2ZACXQoevfsGsuxSqRpISnsy_l1JetDrzGReIuC-5bC3tIaFxVkocfplEemRShd8x3KrkmrZ1iXKnsjDNnmtnJ6Xo_0bZGy5b81AA7AZddTgtCH0BkD50SUFlieclI_gAdnpmSzxTC5aa6OCb0JKvD-3tjdG:1pMsYx:7shY_LMS3Qss-8lQXqagERzZjTPet7DZe7uhNHEjP4U", "expire_date": "2023-02-14T15:28:47.528Z"}}, {"model": "geoinfo.placecoordinates", "pk": 6, "fields": {"place_name": "...", "place_lon": 53.316629, "place_lat": 56.871827, "last_update": "2023-01-13T10:41:06.715Z"}}, {"model": "geoinfo.placecoordinates", "pk": 7, "fields": {"place_name": "Star Burger Европейский", "place_lon": -116.492188, "place_lat": 43.691698, "last_update": "2023-01-13T10:41:07.005Z"}}, {"model": "geoinfo.placecoordinates", "pk": 8, "fields": {"place_name": "УЛ КАЧАЛОВА д.32, кв.45", "place_lon": 56.173146, "place_lat": 57.973541, "last_update": "2023-01-13T10:41:07.960Z"}}, {"model": "geoinfo.placecoordinates", "pk": 9, "fields": {"place_name": "Качалова, 32", "place_lon": 56.173415, "place_lat": 57.973513, "last_update": "2023-01-13T10:41:07.645Z"}}, {"model": "geoinfo.placecoordinates", "pk": 10, "fields": {"place_name": "Star Burger Арбат", "place_lon": 44.403302, "place_lat": 40.138327, "last_update": "2023-01-13T10:41:08.685Z"}}, {"model": "geoinfo.placecoordinates", "pk": 11, "fields": {"place_name": "17 Уинская", "place_lon": 56.31013, "place_lat": 58.005544, "last_update": "2023-01-13T10:41:09.235Z"}}, {"model": "geoinfo.placecoordinates", "pk": 12, "fields": {"place_name": "Москва", "place_lon": 37.617698, "place_lat": 55.755864, "last_update": "2023-01-13T10:41:09.892Z"}}, {"model": "geoinfo.placecoordinates", "pk": 13, "fields": {"place_name": "Лондон", "place_lon": -0.127696, "place_lat": 51.507351, "last_update": "2023-01-13T10:41:10.483Z"}}, {"model": "geoinfo.placecoordinates", "pk": 14, "fields": {"place_name": "gjkfgj", "place_lon": null, "place_lat": null, "last_update": "2022-12-04T09:56:22.865Z"}}, {"model": "geoinfo.placecoordinates", "pk": 15, "fields": {"place_name": "Пермь", "place_lon": 56.229443, "place_lat": 58.010455, "last_update": "2023-01-13T10:41:12.462Z"}}, {"model": "geoinfo.placecoordinates", "pk": 16, "fields": {"place_name": " ", "place_lon": null, "place_lat": null, "last_update": "2023-01-23T06:13:07.674Z"}}, {"model": "geoinfo.placecoordinates", "pk": 17, "fields": {"place_name": "р", "place_lon": 43.840202, "place_lat": 43.46757, "last_update": "2023-01-23T06:17:56.655Z"}}, {"model": "geoinfo.placecoordinates", "pk": 18, "fields": {"place_name": "S", "place_lon": 27.250888, "place_lat": 61.791133, "last_update": "2023-01-23T06:17:57.059Z"}}, {"model": "geoinfo.placecoordinates", "pk": 19, "fields": {"place_name": "B", "place_lon": 14.427698, "place_lat": 50.086755, "last_update": "2023-01-23T06:17:57.360Z"}}, {"model": "geoinfo.placecoordinates", "pk": 20, "fields": {"place_name": "t", "place_lon": 27.250888, "place_lat": 61.791133, "last_update": "2023-01-23T06:17:57.696Z"}}, {"model": "geoinfo.placecoordinates", "pk": 21, "fields": {"place_name": "g", "place_lon": -74.151983, "place_lat": 4.595643, "last_update": "2023-01-23T06:17:57.991Z"}}, {"model": "geoinfo.placecoordinates", "pk": 22, "fields": {"place_name": "r", "place_lon": 43.840202, "place_lat": 43.46757, "last_update": "2023-01-23T06:17:58.389Z"}}, {"model": "geoinfo.placecoordinates", "pk": 23, "fields": {"place_name": "e", "place_lon": 97.852433, "place_lat": 15.249685, "last_update": "2023-01-23T06:17:58.839Z"}}, {"model": "geoinfo.placecoordinates", "pk": 24, "fields": {"place_name": "a", "place_lon": 77.371105, "place_lat": -80.370418, "last_update": "2023-01-23T06:17:59.235Z"}}, {"model": "geoinfo.placecoordinates", "pk": 25, "fields": {"place_name": "u", "place_lon": 82.627857, "place_lat": 49.948313, "last_update": "2023-01-23T06:17:59.517Z"}}, {"model": "geoinfo.placecoordinates", "pk": 26, "fields": {"place_name": "Е", "place_lon": 97.852433, "place_lat": 15.249685, "last_update": "2023-01-23T06:18:03.057Z"}}, {"model": "geoinfo.placecoordinates", "pk": 27, "fields": {"place_name": "в", "place_lon": 37.30044, "place_lat": 55.488019, "last_update": "2023-01-23T06:18:03.320Z"}}, {"model": "geoinfo.placecoordinates", "pk": 28, "fields": {"place_name": "о", "place_lon": 55.096964, "place_lat": 51.768205, "last_update": "2023-01-23T06:18:04.802Z"}}, {"model": "geoinfo.placecoordinates", "pk": 29, "fields": {"place_name": "п", "place_lon": -58.454031, "place_lat": -34.668832, "last_update": "2023-01-23T06:18:05.133Z"}}, {"model": "geoinfo.placecoordinates", "pk": 30, "fields": {"place_name": "е", "place_lon": 97.852433, "place_lat": 15.249685, "last_update": "2023-01-23T06:18:05.561Z"}}, {"model": "geoinfo.placecoordinates", "pk": 31, "fields": {"place_name": "й", "place_lon": -1.685186, "place_lat": 53.139504, "last_update": "2023-01-23T06:18:06.076Z"}}, {"model": "geoinfo.placecoordinates", "pk": 32, "fields": {"place_name": "с", "place_lon": 5.331834, "place_lat": 51.712948, "last_update": "2023-01-23T06:18:06.423Z"}}, {"model": "geoinfo.placecoordinates", "pk": 33, "fields": {"place_name": "к", "place_lon": 32.018346, "place_lat": 64.274462, "last_update": "2023-01-23T06:18:06.689Z"}}, {"model": "geoinfo.placecoordinates", "pk": 34, "fields": {"place_name": "и", "place_lon": -1.685186, "place_lat": 53.139504, "last_update": "2023-01-23T06:18:06.964Z"}}, {"model": "geoinfo.placecoordinates", "pk": 35, "fields": {"place_name": "Пермь, Уинская, 3а", "place_lon": null, "place_lat": null, "last_update": "2023-01-24T16:03:28.285Z"}}, {"model": "geoinfo.placecoordinates", "pk": 36, "fields": {"place_name": "Москва, пл. Киевского Вокзала, 3", "place_lon": null, "place_lat": null, "last_update": "2023-01-24T16:14:48.329Z"}}, {"model": "geoinfo.placecoordinates", "pk": 37, "fields": {"place_name": "Москва, ул. Новый Арбат, 17", "place_lon": null, "place_lat": null, "last_update": "2023-01-24T16:14:58.105Z"}}, {"model": "geoinfo.placecoordinates", "pk": 38, "fields": {"place_name": "Пермь, Уинская, 17, 119", "place_lon": null, "place_lat": null, "last_update": "2023-01-26T16:17:48.922Z"}}, {"model": "geoinfo.placecoordinates", "pk": 39, "fields": {"place_name": "Москва, пл. Киевского Вокзала, 2", "place_lon": 37.566072, "place_lat": 55.744637, "last_update": "2023-01-26T16:43:52.081Z"}}, {"model": "geoinfo.placecoordinates", "pk": 40, "fields": {"place_name": "Москва, ул. Новый Арбат, 15", "place_lon": 37.59242, "place_lat": 55.752141, "last_update": "2023-01-26T16:44:15.210Z"}}, {"model": "geoinfo.placecoordinates", "pk": 41, "fields": {"place_name": "Волгоград", "place_lon": null, "place_lat": null, "last_update": "2023-01-31T15:43:14.901Z"}}]